<?xml version="1.0" encoding="UTF-8" ?>
<module>
    <name>customproductflags</name>
    <displayName><![CDATA[Custom Product Flags]]></displayName>
    <version><![CDATA[1.0.0]]></version>
    <description><![CDATA[Adds custom flags to products]]></description>
    <author><![CDATA[Your Name]]></author>
    <tab><![CDATA[front_office_features]]></tab>
	<confirmUninstall><![CDATA[Are you sure you want to uninstall?]]></confirmUninstall>
    <is_configurable>1</is_configurable>
    <need_instance>0</need_instance>
	<limited_countries></limited_countries>
</module>